"Scenario","Model","RMSE","Coverage","CRPS","Brier"
"Sampling","EpiFusion",0.256175798845146,1.05263157894737,"0.149","0.018"
"Transmission","EpiFusion",0.368738736244941,1.02493074792244,"0.15","0.109"
"Sampling","EpiNow2",0.676147606254141,0.360490266762797,"0.359","0.319"
"Transmission","EpiNow2",0.577822176411296,0.512465373961219,"0.422","0.456"
"Sampling","BDSky",0.859248996210515,0.894015861571738,"0.452","0.237"
"Transmission","BDSky",0.922100677654669,0.664819944598338,"0.452","0.103"
"Sampling","TimTam",1.38159810703886,0.940988835725678,"0.542","0.227"
"Transmission","TimTam",0.735167510447753,0.609418282548477,"0.762","0.143"
